model,group,articles,accuracy,macro_f1
Naive Bayes,<128,687,0.8777,0.6356
Naive Bayes,128-255,2685,0.8387,0.6412
Naive Bayes,256-511,2973,0.888,0.6827
Naive Bayes,512-1023,796,0.8869,0.6853
Naive Bayes,1024+,162,0.8272,0.6161
Logistic Regression,<128,687,0.9039,0.7251
Logistic Regression,128-255,2685,0.8898,0.8096
Logistic Regression,256-511,2973,0.8846,0.7803
Logistic Regression,512-1023,796,0.8945,0.7707
Logistic Regression,1024+,162,0.8827,0.7179
BiLSTM + attention,<128,687,0.8996,0.725
BiLSTM + attention,128-255,2685,0.8797,0.7933
BiLSTM + attention,256-511,2973,0.8846,0.7657
BiLSTM + attention,512-1023,796,0.8794,0.7531
BiLSTM + attention,1024+,162,0.821,0.5927
TextCNN,<128,687,0.8952,0.7147
TextCNN,128-255,2685,0.8767,0.7727
TextCNN,256-511,2973,0.8883,0.7692
TextCNN,512-1023,796,0.8794,0.7376
TextCNN,1024+,162,0.821,0.5729
AfriBERTa,<128,687,0.9403,0.7637
AfriBERTa,128-255,2685,0.9367,0.8901
AfriBERTa,256-511,2973,0.921,0.8272
AfriBERTa,512-1023,796,0.8945,0.7678
AfriBERTa,1024+,162,0.8827,0.7483
