kind,test_index,true,pred_Naive Bayes,pred_Logistic Regression,pred_BiLSTM + attention,pred_TextCNN,pred_AfriBERTa,best_confidence,words,opening
all_models_wrong,10,kitaifa,kimataifa,kimataifa,kimataifa,kimataifa,kimataifa,0.995,221,"GHASIA za ubaguzi zimeibuka tena nchini Afrika Kusini, katika maeneo tofauti ya Mji wa Soweto ambapo watu wawili waliuwawa katika mapigano yaliyotokea kati ya wenyeji na wageni katika mji huo. Kwa mujibu wa taarifa ya Polisi, shughuli katika maeneo hayo mengi zilizorota huku maduka yanayomilikiwa"
all_models_wrong,52,afya,kitaifa,kitaifa,kitaifa,kitaifa,kitaifa,0.986,394,"Mwandishi Wetu- Morogoro MKUU wa Mkoa wa Morogoro, Loatha Sanare amegeuka mbogo baada ya kupata taarifa za kuachiwa watu wanaodaiwa kukamatwa na dawa za Serikali kinyume cha sheria kuachiwa. Kutokana na hali hiyo, aliagizwa kukamatwa mara moja na kurudishwa mahabusi. Sanare aliamua kufanya ziara ya"
all_models_wrong,58,kitaifa,michezo,michezo,michezo,michezo,michezo,0.966,188,"Na ZAINAB IDD-DAR ES SALAAM KATIKA kuhakikisha Tanzania inakuwa na maendeleo katika mchezo wa riadha wa mbio ndefu, Rais wa Shirikisho la Riadha Tanzania (RT), Anthony Mtaka, anatarajia kukutana na waandaaji wa mbio hizo kote nchini Septemba 16, mwaka huu katika Ukumbi wa Uwanja wa"
all_models_wrong,69,afya,kitaifa,kitaifa,kitaifa,kitaifa,kitaifa,0.98,205,"Na Mwandishi Wetu MTAALAMU wa maradhi ya mgongo na mifupa kutoka India, anatarajiwa kuwasili nchini wiki hii ambapo watawafanyia uchunguzi watu mbalimbali wenye maradhi hayo. Taarifa iliyotolewa na Hospitali ya Regency, Dar es Salaam jana, ilisema Dk. Viral Shah ambaye amebobea kwenye maradhi ya mgongo"
all_models_wrong,75,burudani,michezo,michezo,michezo,michezo,michezo,0.901,215,"OREGON, MAREKANI KAMPUNI ya utengenezaji vifaa vya michezo ya Nike imesitisha mkataba na uhusiano na bondia Manny Pacquiao, baada ya nyota huyo wa uzito wa juu duniani kuwashambulia wapenzi wa jinsia moja. Bingwa huyo wa masumbwi ulimwenguni mwenye umri wa miaka 37, ambaye anagombea nafasi"
all_models_wrong,76,kitaifa,kimataifa,kimataifa,kimataifa,kimataifa,kimataifa,0.998,124,"Virginia, Marekani Idadi ya watu waliofariki kwenye shambulio la bunduki katika Mji wa Virginia nchini Marekani imefikia 13 akiwamo mshambuliaji aliyeuawa katika mashambulizi na polisi. Mshambuliaji huyo anayedaiwa kuwa ni mfanyakazi wa Idara ya Nishati na Maji ya Mji wa Virginia, aliwafyatulia risasi wafanyakazi wenzake"
all_models_wrong,193,uchumi,kitaifa,kitaifa,kitaifa,kitaifa,kitaifa,0.893,612,MAMLAKA ya Mapato Tanzania (TRA) imeainisha sifa za walipakodi watakaonufaika na msamaha wa madeni ya kodi za nyuma yakijumuisha riba na adhabu.Pia TRA itatoa msamaha wa riba na adhabu ambayo utahusu kodi zote zinazotozwa kwa mujibu wa sheria zinazosimamiwa na TRA isipokuwa ushuru wa forodha
all_models_wrong,199,uchumi,kitaifa,kitaifa,kitaifa,kitaifa,kitaifa,0.954,272,"MAMLAKA ya Elimu na Mafunzo ya Ufundi Stadi (VETA) Shinyanga inatoa mafunzo ya kuongeza thamani madini ya almasi, quartz.Mafunzo hayo yanatolewa kwa kiwango cha kimataifa cha ukataji na ung’arishaji wa madini ambapo tangu mwaka 2011 imetoa wataalamu 24 na wanane bado wanaendelea na mafunzo.Akizungumzia mafunzo"
all_models_wrong,221,afya,kitaifa,kitaifa,kitaifa,kitaifa,kitaifa,0.995,485,"Na RAMADHAN HASSAN -DODOMA JESHI la Polisi Mkoa wa Dodoma linamshikilia Eliza Denis (23) mkazi wa Makulu mkoani hapa kwa tuhuma za kumpiga sehemu mbalimbali za mwili na kumchoma moto mikononi mtoto wake wa kambo, Jackson Denis (5) kwa madai ya kudokoa chakula. Kamanda wa"
all_models_wrong,249,uchumi,kitaifa,kitaifa,kitaifa,kitaifa,kitaifa,0.99,399,"WATENDAJI wote wa taasisi za serikali waliopo katika mipaka ya nchi, wametakiwa kuwa wazalendo wa kweli kwa kudhibiti bidhaa zisizo na ubora, kuingia nchini ili nchi isiwe jalala la bidhaa zisizo na ubora kwa walaji na watumiaji.Katibu Mkuu wa Viwanda, Biashara na Uwekezaji, Profesa Elisante"
all_models_wrong,250,burudani,kimataifa,kimataifa,kimataifa,kimataifa,kimataifa,0.995,25,Mpaka sasa nchini Kenya visa vya Corona vilivyoripotiwa ni 122 na tayari watu wanne wamefariki na nchini Tanzania visa ni 20 na aliyefariki ni mmoja
all_models_wrong,315,kitaifa,michezo,michezo,michezo,michezo,michezo,0.987,282,"KOCHA wa timu ya Simba SC, Patrick Aussems amekiri suluhu iliyopata timu yake dhidi ya Prisons juzi ilitokana na wachezaji wake kuzidiwa. Mabingwa hao watetezi walibanwa na Prisons na kutoka suluhu katika mechi ya Ligi Kuu iliyochezwa kwenye uwanja wa Uhuru Dar es Salaam juzi.Akizungumza"
AfriBERTa_confident_wrong,10,kitaifa,kimataifa,kimataifa,kimataifa,kimataifa,kimataifa,0.995,221,"GHASIA za ubaguzi zimeibuka tena nchini Afrika Kusini, katika maeneo tofauti ya Mji wa Soweto ambapo watu wawili waliuwawa katika mapigano yaliyotokea kati ya wenyeji na wageni katika mji huo. Kwa mujibu wa taarifa ya Polisi, shughuli katika maeneo hayo mengi zilizorota huku maduka yanayomilikiwa"
AfriBERTa_confident_wrong,24,kitaifa,kitaifa,afya,afya,afya,afya,0.994,369,Ma CHRISTIAN BWAYA MIGOGORO katika mahusiano ya ndoa ni jambo lisiloepukika. Hakujawahi kutokea watu wawili wenye vichwa tofauti wakaafikiana kwa kila jambo. Kutofautiana kupo lakini tunafahamu kuwa hatua madhubuti zisipochukuliwa mapema kuondoa tofauti hizi ndoa in- aweza kukumbwa na tufani. Inapofikia hatua hiyo wanandoa wanaweza
AfriBERTa_confident_wrong,52,afya,kitaifa,kitaifa,kitaifa,kitaifa,kitaifa,0.986,394,"Mwandishi Wetu- Morogoro MKUU wa Mkoa wa Morogoro, Loatha Sanare amegeuka mbogo baada ya kupata taarifa za kuachiwa watu wanaodaiwa kukamatwa na dawa za Serikali kinyume cha sheria kuachiwa. Kutokana na hali hiyo, aliagizwa kukamatwa mara moja na kurudishwa mahabusi. Sanare aliamua kufanya ziara ya"
AfriBERTa_confident_wrong,58,kitaifa,michezo,michezo,michezo,michezo,michezo,0.966,188,"Na ZAINAB IDD-DAR ES SALAAM KATIKA kuhakikisha Tanzania inakuwa na maendeleo katika mchezo wa riadha wa mbio ndefu, Rais wa Shirikisho la Riadha Tanzania (RT), Anthony Mtaka, anatarajia kukutana na waandaaji wa mbio hizo kote nchini Septemba 16, mwaka huu katika Ukumbi wa Uwanja wa"
AfriBERTa_confident_wrong,62,kitaifa,kitaifa,kitaifa,kitaifa,kitaifa,afya,0.905,380,"Benjamin Masese-Mwanza TAASISI ya Kuzuia na Kupambana na Rushwa (Takukuru) Mkoa wa Mwanza imewapokonya waliokuwa watumishi wa Shirika la Tanesa majengo manne yaliyojengwa na Serikali ya Uholanzi na kuanza mchakato wa kuyakabidhi Serikali ya Tanzania. Majengo hayo yaliyopo kiwanja namba 32, kitalu ‘W’ eneo la"
AfriBERTa_confident_wrong,69,afya,kitaifa,kitaifa,kitaifa,kitaifa,kitaifa,0.98,205,"Na Mwandishi Wetu MTAALAMU wa maradhi ya mgongo na mifupa kutoka India, anatarajiwa kuwasili nchini wiki hii ambapo watawafanyia uchunguzi watu mbalimbali wenye maradhi hayo. Taarifa iliyotolewa na Hospitali ya Regency, Dar es Salaam jana, ilisema Dk. Viral Shah ambaye amebobea kwenye maradhi ya mgongo"
AfriBERTa_confident_wrong,75,burudani,michezo,michezo,michezo,michezo,michezo,0.901,215,"OREGON, MAREKANI KAMPUNI ya utengenezaji vifaa vya michezo ya Nike imesitisha mkataba na uhusiano na bondia Manny Pacquiao, baada ya nyota huyo wa uzito wa juu duniani kuwashambulia wapenzi wa jinsia moja. Bingwa huyo wa masumbwi ulimwenguni mwenye umri wa miaka 37, ambaye anagombea nafasi"
AfriBERTa_confident_wrong,76,kitaifa,kimataifa,kimataifa,kimataifa,kimataifa,kimataifa,0.998,124,"Virginia, Marekani Idadi ya watu waliofariki kwenye shambulio la bunduki katika Mji wa Virginia nchini Marekani imefikia 13 akiwamo mshambuliaji aliyeuawa katika mashambulizi na polisi. Mshambuliaji huyo anayedaiwa kuwa ni mfanyakazi wa Idara ya Nishati na Maji ya Mji wa Virginia, aliwafyatulia risasi wafanyakazi wenzake"
AfriBERTa_confident_wrong,151,kitaifa,kitaifa,uchumi,uchumi,uchumi,uchumi,0.94,155,"Benki ya CRDB imekanusha taarifa zilizoenea kwenye mitandao ya kijamii kuwa imefunga tawi lake la Chato kutokana na ugumu wa biashara.Mkurugenzi wa Masoko na Utafiti wa Benki ya CRDB, Tully Mwambapa amesema kuwa taarifa hizo si za ukweli kwani tawi hilo linaendelea vyema na biashara"
AfriBERTa_confident_wrong,184,kitaifa,kitaifa,uchumi,uchumi,uchumi,uchumi,0.929,173,"Rais John Magufuli amesema, Serikali imejipanga kuendelea kutekeleza Mpango wa Taifa wa Maendeleo wa miaka mitano mwaka huu.Ameyasema hayo leo Ikulu jijini Dar es Salaam wakati anazungumza na mabalozi wanaoziwakilisha nchi zao nchini na wawakilishi wa mashirika ya kimataifa kwenye sherehe za kuukaribisha mwaka mpya"
AfriBERTa_confident_wrong,199,uchumi,kitaifa,kitaifa,kitaifa,kitaifa,kitaifa,0.954,272,"MAMLAKA ya Elimu na Mafunzo ya Ufundi Stadi (VETA) Shinyanga inatoa mafunzo ya kuongeza thamani madini ya almasi, quartz.Mafunzo hayo yanatolewa kwa kiwango cha kimataifa cha ukataji na ung’arishaji wa madini ambapo tangu mwaka 2011 imetoa wataalamu 24 na wanane bado wanaendelea na mafunzo.Akizungumzia mafunzo"
AfriBERTa_confident_wrong,207,uchumi,kitaifa,uchumi,kitaifa,kitaifa,kitaifa,0.966,215,WATAFITI kutoka Chuo Kikuu Huria Tanzania (OUT) wamewashauri wafanyabiashara ndogo mkoani Dodoma wapewe mafunzo ili waondokane na changamoto ya namna ya kukuza mitaji na kufi kia hatua ya kuwa wafanyabiashara wa kati.Hayo yalielezwa na Dk Wambuka Rangi kutoka OUT wakati alipokuwa akiwasilisha utafiti kwenye warsha
