test_index,true,predicted,confidence,opening
193,uchumi,kitaifa,0.919,MAMLAKA ya Mapato Tanzania (TRA) imeainisha sifa za walipakodi watakaonufaika na msamaha wa madeni ya kodi za nyuma yakijumuisha riba na adhabu.Pia TRA itatoa msamaha wa riba na adhabu ambayo utahusu kodi zote zinazotozwa kwa mujibu wa sheria zinazosimamiwa na TRA isipokuwa ushuru wa forodha na mapato mengine yasiyo ya kodi kama kodi za kajengo na ada za matangazo.Hatua hiyo inakuja baada ya Bunge la Jamhuri ya Muungano wa Tanzania
221,afya,kitaifa,0.934,"Na RAMADHAN HASSAN -DODOMA JESHI la Polisi Mkoa wa Dodoma linamshikilia Eliza Denis (23) mkazi wa Makulu mkoani hapa kwa tuhuma za kumpiga sehemu mbalimbali za mwili na kumchoma moto mikononi mtoto wake wa kambo, Jackson Denis (5) kwa madai ya kudokoa chakula. Kamanda wa Polisi Mkoa wa Dodoma, Gilles Muroto, alithibitisha kutokea kwa tukio hilo na kwamba Jeshi la Polisi linamshikilia mama huyo. Kamanda Muroto alisema watu wamekuwa wakiendelea"
555,kitaifa,afya,0.924,"WATAALAMU wameshauri wanaume nchini waache kula vyakula vilivyokaangwa zikiwemo chipsi, baga, unywaji wa pombe, uvutaji sigara.Wameshauriwa wale zaidi vyakula aina ya njugu kama vile karanga, korosho, mbegu za maboga na jamii ya aina hiyo ili kuimarisha mbegu zao za uzazi.Wamesema, wanaume pia wanapaswa kula vyakula visivyokobolewa, matunda, mboga za majani, samaki, nyama na kuepuka vyakula vya mafuta mengi ili kuimarisha viungo vyao vya uzazi.Utafiti Wilaya ya Kinondoni, Dar es Salaam"
820,michezo,kitaifa,0.943,"MKUU wa Mkoa wa Morogoro, Loata ole Sanare, amewaonya wafanyabiashara wasio waaminifu katika mkoa huo kuacha kuingiza bidhaa kwa njia ya magendo ikiwamo vipodozi vilivyozuiwa kwa matumizi ya binadamu na kuonya watakaobainika watashughulikiwa kwa mujibu wa sheria za nchi.Mkuu huyo wa mkoa alitoa onyo hilo wakati wa utoaji vyeti na zawadi kwa askari waliofanya kazi vizuri zaidi kwa mwaka 2018/2019 mkoani Morogoro. Alitoa onyo hilo baada ya Kamanda wa Polisi"
1687,uchumi,kitaifa,0.978,"MEI 10, 2016 ,Tanzania iliweka historia kwa kuanza kutumia usaﬁ ri wa mabasi yaendayo haraka katika jiji la Dar es Salaam. Kampuni ya UDART ndiyo inayotoa huduma katika mradi huo wa mabasi yaendayo haraka maarufu mabasi ya mwendo kasi. Usafiri huu umekuwa ukikabiliwa na changamoto mbalimbali, ikiwamo kusimamisha huduma wakati wa mvua kutokana na kujaa maji kwenye maeneo kadhaa.Takribani miaka miwili imepita tangu mabasi hayo yaanze kutoa huduma kwa majaribio"
1716,kitaifa,afya,0.924,"Na TUNU NASSOR-DARES SALAAM TAASISI ya Dawa Asili na Ulinzi wa Mazingira (TRAMEPRO) imesema uwezekano wa kupatikana kwa tiba ya ugonjwa wa Covid-19 unaosababishwa na virusi vya corona nchini unategemea ushirikiano baina yao na taasisi za Serikali. Akizungumza na MTANZANIA Dar es Salaam jana, Katibu Mkuu wa TRAMEPRO, Boniventura Mwalongo alisema iwapo Serikali itaratibu vizuri ushirikiano huo, ni rahisi kupatikana kwa tiba mapema. Alisema tayari kama nchi ina ujuzi, dawa"
1791,kitaifa,michezo,0.982,"TIMU za Lipuli na KMC zimekata tiketi ya kushiriki nusu fainali ya michuano ya Kombe la Shirikisho la Azam baada ya kukufanya vizuri katika mechi zao za robo fainali jana.Lipuli wanamsubiri mshindi wa mchezo kati ya vinara wa Ligi Kuu Tanzania Bara, Yanga na Alliance unaotarajiwa kupigwa Jumamosi kwenye Uwanja wa CCM Kirumba, huku KMC wanamsubiri mshindi kati ya Kagera Sugar na Azam FC utakaofanyika kesho.Katika mchezo wa kwanza ulipigwa"
2022,uchumi,kitaifa,0.99,"“Hifadhi za jamii zinaingiza kwenye maeneo ya ajabu ajabu, wawekeze kwenye viwanda wapate faida. Ukiwekeza kwenye viwanda utapata wanafanyakazi wengi na utapanua wigo wa ajira,” alisema Magufuli. Rais Magufuli aliyasema hayo juzi mjini hapa akizungumza kwenye maadhimisho ya Siku ya Wafanyakazi Duniani.Alisema ni muhimu kwa wenye mifuko ya jamii kuwekeza kwenye viwanda kwani watapata wafanyakazi wengi ambao watakuwa wanachama watakaojiunga na mifuko hiyo na kupanua wigo wa ajira. “Ukiwekeza kwenye"
2142,michezo,kitaifa,0.938,"Na TIMOTHY ITEMBE – TARIME MKUU wa Wilaya Tarime, Glorius Luoga ameufunga kwa muda usiojulikana Mgodi wa Dhahabu wa Kibaga katika Kijiji cha Kebaga Kata ya Kenyamanyori kwa madai ya kutozingatia masharti ya uchimbaji madini nchini. Akifunga mgodi huo juzi, Luoga alisema amekuwa akipokea malalamiko kutoka kwa wananchi mbalimbali kuwa wachimbaji wa mgodi huo wanaendesha shuguli hizo kinyume cha utaratibu bila kuzingatia masharti ya uchimbaji ikiwa ni pamoja na kuwanyanyasa"
2209,kitaifa,kimataifa,0.92,"MKUU wa Majeshi ya Tanzania mstaafu, Jenerali Davis Mwamunyange ameteuliwa na Rais wa Zimbabwe kuwa mmoja wa wajumbe wanaounda Tume ya watu saba kuchunguza vurugu, zilizotokea wakati wa Uchaguzi Mkuu nchini Zimbabwe. Uchaguzi wa Zimbabwe ulifanyika Julai 30 mwaka huu, ambapo Rais Emerson Mnangagwa alishinda kwa kupata kura asilimia 50.8 ya kura zote zilizopigwa.Jenerali Mwamunyange alichaguliwa na Rais wa Awamu wa Nne, Dk Jakaya Kikwete kuwa Mkuu wa Majeshi mwaka"
2845,kitaifa,uchumi,0.927,"KAMPUNI ya Magazeti ya Serikali (TSN) imeingiza mtambo mpya wa uchapaji wa kibiashara, utakaotoa huduma za uchapaji wa vitu mbalimbali, ikiwamo vitabu, majarida na utengenezaji wa mabango.Aidha, katika mwaka wa fedha 2019/20, kampuni itaimarisha usimamizi na ukusanyaji wa mapato na kuimarisha utendaji kazi wa rasilimaliwatu kwa kuwapatia mafunzo ya muda mfupi na mrefu. Waziri wa Habari, Utamaduni, Sanaa na Michezo, Dk Harrison Mwakyembe alitoa taarifa hiyo jana bungeni wakati akiwasilisha"
2847,kitaifa,michezo,0.974,"Na MOHAMED MHARIZO-DAR ES SALAAM MGOMBEA wa nafasi ya urais katika Shirikisho la Soka Tanzania (TFF), Shija Richard, amesema iwapo atachaguliwa kushika wadhifa huo, atahakikisha anajenga kituo cha kuendeleza vipaji (academy) mkoani Dodoma. Mgombea huyo aliyasema hayo jana katika uzinduzi wa kampeni yake, kuelekea Uchaguzi Mkuu wa TFF utakaofanyika Jumamosi mjini Dodoma, ambapo alisema kituo hicho kitakuwa na uwezo wa kutambua vipaji ili viendelezwe kwa ajili ya maendeleo ya soka"
2972,kitaifa,burudani,0.97,"ST AA wa fi lamu za kibongo Wema Sepetu, amemfunda mshindi wa shindano la Miss T anzania 2018 , Q ueen E lizabeth, kuendeleza hali ya kujiamini hata atakapokwenda kwenye mashindano ya dunia kwani ana vigezo vyote vya kushinda taji hilo la dunia.Wema Miss Tanzania 2006, alisema amepanga kukutana na walimu wake pamoja na waandaji wa shindano hilo ili kushirikiana kumwandaa mrembo huyo kwa minajili ya kufanya vizuri huko anakokwenda."
3275,kitaifa,uchumi,0.955,"MIRADI 47 ya uwekezaji imeibuliwa na kuanza kutekelezwa kupitia Mradi wa Kuboresha Mazingira ya Biashara na Uwekezaji (LIC) inayotekelezwa katika halmashauri za mikoa wa Dodoma na Kigoma.Hayo yalielezwa na Mkurugenzi wa Serikali za Mitaa wa Ofisi ya Rais Tawala za Mikoa na Serikali za Mitaa, Dk Charles Mhina wakati wa kuelezea mafanikio ya mradi huo ambao ulisainiwa Januari mwaka 2015. Alisema miradi hiyo yenye thamani ya zaidi ya Sh bilioni"
3281,uchumi,kitaifa,0.989,"KIWANDA cha kuzalisha viuadudu wa viluwiluwi vya mbu cha Shirika la Taifa la Maendeleo (NDC), kimepata soko la kuuza dawa hiyo nje ya nchi kwenye nchi za Afrika zikiwemo nchi zote za Jumuiya ya Maendeleo, Kusini mwa Afrika (SADC).Akizungumza na HabariLeo kwenye Maonesho ya 43 ya Biashara ya Kimataifa kuhusu soko hilo, Mkurugenzi Mtendaji wa NDC, Profesa Damian Gabagambi amesema kiwanda hicho kilijengwa kwa ushirikiano wa serikali ya Tanzania na"
4134,kitaifa,afya,0.994,"NA VERONICA ROMWALD– DAR ES SALAAM NI wazi kwamba sasa kila mmoja wetu anapaswa kuwa makini na kuzingatia jinsi anavyokula chakula tangu asubuhi hadi anapokwenda kulala usiku. Ingawa wataalamu wa lishe wanaeleza kiuhalisia hakuna chakula, ambacho binadamu anazuiwa kula katika maisha yake hapa duniani lakini ni lazima azingatie kiasi na aina ya chakula anachokula kila siku. Kwa sababu ili aweze kuishi akiwa na afya njema duniani anahitaji kula chakula. Hata"
4146,kitaifa,burudani,0.944,"MSANII wa filamu wa Bongo Movie Irene Uwoya amesherehekea siku yake ya kazaliwa na watu wenye uhitaji. Irene alijumuika na makundi ya walemavu, wasio ona, wenye ulemavu wa ngozi, yatima, wajane, wacheza mpira wa zamani na wasanii mbali mbali wa filamu ukumbi wa King Solomon, Namanga jijini Dar es Salaam.Awali hafla hiyo ilipangwa kufanyika Leaders Club, lakini mvua ilitibua na kulazimisha waandaaji wahamishe shuguli hiyo na kuipeleka King Solomon. ""Nashukuru"
4622,burudani,afya,0.957,"HATA kama utabisha, lakini ukweli utabaki moyoni mwako kwamba mapenzi ni kiungo muhimu katika maisha ya binadamu. Ni lazima uwe na mwenzi. Huwezi kukwepa, maana hii ni ahadi iliyowekwa na aliyetuumba. Utaweza kuikimbia?Rafiki zangu, wakati tunajadili kuhusu kupenda, kupendwa na kupendana, ndani yake lazima tuzungumzie kuhusu maumivu. Naam! Machozi na kila aina ya kero. Wakati ukianza uhusiano, kichwani mwako kukiwa na jambo hilo, huwezi kuteseka. Kikubwa ambacho utaanza nacho ni"
5137,michezo,burudani,0.916,"Nyota wa muziki wa kizazi kipya nchini, Kundi la Navy Kenzo linaloongozwa na Emmanuel Mkono “Nahreel na Haika pamoja na rapa, Joh Makini walifunika kwa kuwakosha watu juzi usiku kwenye Tamasha la Utamaduni la Afrika Mashariki (JAMAFEST).Katika tamasha hilo linaloendelea kwenye Uwanja wa Taifa jijini Dar es Salaam, wengi walipanda jukwaani kutumbuiza lakini walioongoza kwa kushangiliwa zaidi ni hao ikionesha dhahiri kundi kubwa la vijana lililohudhuria lilivutiwa zaidi na muziki"
5644,burudani,uchumi,0.935,"NA VERONICA ROMWALD PRODYUZA Nahreel na mpenzi wake, Haika wanaounda kundi la Navy Kenzo, wameteuliwa kuwa mabalozi wa huduma mpya ya ‘Jipimie Yatosha Yako’ inayotolewa na kampuni ya simu ya mikononi ya Airtel. Huduma hiyo mpya imezinduliwa jana jijini Dar es Salaam katika ofisi za makao makuu ya kampuni hiyo yaliyoko Morocco. Akifafanua juu ya huduma hiyo, Meneja Masoko wa Airtel, Anethy Muga, alisema itamuwezesha mteja wa mtandao huo kuchagua"
5710,kimataifa,afya,0.936,"Mwandishi wetu PAMOJA na sifa ya utajiri wa kiuchumi na rasilimali likichukuliwa kama Taifa lililostawi zaidi kimaendeleo barani Afrika, wengi hufikiria mara mbili mbili kuitembelea Afrika Kusini kitalii, kimasomo au kikazi. Kundi hilo halihusishi wale vijana wanaozamia nchini humo kwa njia haramu kutafuta maisha wakiishi kigheto gheto na kuchanganyika na wenyeji, ambao hata hivyo mara nyingi huwapokea vibaya kwa mtazamo finyu kwamba ndio wachawi wa maendeleo na ustawi wao binafsi"
5878,kimataifa,kitaifa,0.995,"ANDREW MSECHU– DAR ES SALAAM WAKATI taifa likielekea kwenye Uchaguzi Mkuu unaotarajiwa kufanyika Oktoba, mwaka huu, suala la urais Zanzibar limekuwa miongoni mwa mambo muhimu yanayotazamwa kwa undani, hasa kutokana na historia ya mvutano wa muda mrefu ndani ya visiwa hivyo. Safari hii, mvutano unaanzia ndani ya Chama Cha Mapinduzi (CCM) ambacho kinatarajiwa kusimamisha mgombea mpya, baada ya rais wa sasa, Dk. Mohamed Shein kumaliza muda wake wa miaka 10."
5981,kitaifa,uchumi,0.925,"OFISI ya Mbunge wa Ruangwa imewapa vijana mashine za kukaangia chips na mashine za bisi ili wakuze uchumi wao.Msaidizi wa Waziri Mkuu Kassim Majaliwa kwenye masuala ya jimbo hilo, Fadhil Liwaka amesema vijana jimboni humo pia wamekopeshwa pikipiki 165 ili wakopeshane wafanye biashara kuongeza vipato vyao.“Lakini pia tumewawezesha vitendea kazi kama vile baiskeli kwa wale ambao wanafanya biashara za kuzungusha lakini wapo waliopata vitendea kazi vingine vidogo vidogo kuhakikisha kwamba"
6102,michezo,kitaifa,0.944,"NA KULWA MZEE, DAR ES SALAAM MAHAKAMA Kuu Kanda ya Dar es Salaam imekataa kuzuia Uchaguzi Mkuu wa Simba kwa sababu maombi ya wanachama wa Simba yaliwasilishwa kabla ya muda. Uamuzi huo ulitolewa jana na Jaji Augustine Mwarija, baada ya mvutano mkali wa kisheria uliotokea mahakamani hapo wakati pande mbili zilizokuwa zinapingana kuungana katika hoja. “Mahakama inakubali wanachama kufungua kesi, inakataa kuzuia uchaguzi wa Simba kwa sababu hakuna kesi ya"
6168,afya,kitaifa,0.928,"Derick Milton, Itilima Naibu Waziri wa Elimu, Sayansi na Teknolojia, William Ole Nasha amewataka wazazi kuacha tabia ya kuwageuza watoto wao hasa wanafunzi wa kike kuwa mitaji ya kipato chao ikiwemo kuwaozesha, na badala yake wawasaidie katika kupata elimu ili wawe msaada mkubwa wa baadaye. Amewataka wazazi wawekeze zaidi elimu kwa watoto wao wakiwemo wakiume ambao wamekuwa wakiwakataza kwenda shule na badala yake wachunge mifugo ambapo aliwaeleza uwekezaji wa elimu"
6218,kitaifa,uchumi,0.944,"Na EDITHA KARLO-KIGOMA ZAIDI ya wananchi 3000 mkoani Kigoma, wanatarajia kunufaika na ufugaji wa sungura kibiashara, ikiwa ni mkakati wa wananchi hao kujiunga katika kilimo biashara ili kuondokana na umasikini. Meneja Kilimo Biashara wa Namaingo Business Agency, Pascla Stephano, ameyasema hayo kwenye mkutano wa viongozi wa taasisi hiyo na wafanyabiashara wadogo na wananchi wa Mkoa wa Kigoma ambao wamehamasika kujiunga kwenye shughuli za uzalishaji zinazosimamiwa na taasisi hiyo. Stephano alisema"
6320,burudani,michezo,0.9,"NA GLORY MLAY KOCHA mkuu wa timu ya Taifa ya wanawake Tanzania Bara (Kilimanjaro Queens), Bakari Shime, amesema kikosi chake kipo fiti kushiriki michuano ya Cecafa Challenge itakayofanyika Mei 19, mwaka huu, nchini Rwanda. Akizungumza na MTANZANIA jana, Shime, alisema wamejipanga kuhakikisha hawafungwi kirahisi ili kutolewa katika michuano hiyo, kwani wachezaji wote wana morali ya kutosha ya kupata matokeo mazuri. “Hatutakubali kupoteza michezo hiyo kirahisi, kwani ni muhimu kwetu kushinda,"
6339,kitaifa,kimataifa,0.943,"WAKATI Jeshi la Kenya likithibitisha kuuawa kwa wanajeshi watatu wa Marekani katika shambulizi la kigaidi kwenye Kambi ya Simba eneo la Manda Bay Mjini Lamu siku ya Jumapili, watu watatu wamekamatwa wakijaribu kuingia katika kambi ya kijeshi ya Uingereza mjini Nanyuki nchini Kenya jana.Wanamgambo wa kundi la kigaidi la Al Shabaab juzi, waliishambulia kwa makombora Kambi ya Simba, ambapo mbali ya kuuwa wanajeshi watatu wa Marekani, pia walinzi wawili raia"
6415,kitaifa,burudani,0.98,"MSANII George Sixbeth ‘Gnako’ amefunga mwaka 2019 kwa kufunga ndoa na Yasinta ambaye ni mpenzi wake wa siku nyingi na mama watoto wake.Ndoa hiyo ilifungwa jana Osterbay jijini Dar Es Salaam, ikiwa zimepita siku 10 tangu kumvalisha pete ya uchumba. Kupitia ukurasa wa Instagram wa msanii Jux ambaye ni rafiki wa karibu wa Gnako alichapisha vipande vya video alivyomrekodi akiwa anakula kiapo kanisani akisema“Mimi George nakupokea wewe Yasinta uwe mke"
7275,kitaifa,afya,0.94,"Amina Omari-Tanga MAGONJWA ya kisukari na shinikizo la dawa ndiyo yanayoongoza kwa kuchangia tatizo la macho kwa wagonjwa wake. Hayo yalielezwa jana na Waziri wa Afya Maendeleo ya Jamii Jinsia Wazee na Watoto, Ummiy Mwalimu wakati wa uzinduzi wa kambi ya kinywa na macho iliyoendeshwa na Taasisi ya Bilal Muslim jijini Tanga. Alisema wagonjwa wenye kukabiliwa na magonjwa hayo ndiyo wamekuwa wanapata matatizo ya uoni hafifu na wakati mwingine huchelewa"
