experiment_id,model,owner,change,hypothesis,val_macro_f1,val_accuracy,val_log_loss,test_macro_f1,test_accuracy,details,logged_at
B01,Naive Bayes,Dan,"Raw lowercased text, word unigrams",Starting point: how far pure word counts go without any cleaning.,0.6914,0.8586,0.5352,,,"{""word_ngrams"": [1, 1], ""char_ngrams"": false, ""model"": ""MultinomialNB(alpha=0.1)""}",2026-09-28 14:10
B02,Naive Bayes,Dan,"Cleaning: split glued sentences, repair ligatures, drop punctuation and numbers",Glued sentences create fake words like 'huu.misafara'; fixing them should help.,0.69,0.8586,0.5329,,,"{""word_ngrams"": [1, 1], ""char_ngrams"": false, ""model"": ""MultinomialNB(alpha=0.1)""}",2026-09-28 14:11
B03,Naive Bayes,Dan,Cleaning + Swahili stopword removal,"Function words carry little topic signal, so removing them may reduce noise.",0.6967,0.86,0.5256,,,"{""word_ngrams"": [1, 1], ""char_ngrams"": false, ""model"": ""MultinomialNB(alpha=0.1)""}",2026-09-28 14:11
B04,Naive Bayes,Dan,Word unigrams + bigrams,Bigrams such as 'ligi kuu' or 'benki kuu' capture short local order.,0.6842,0.8577,0.7627,,,"{""word_ngrams"": [1, 2], ""char_ngrams"": false, ""model"": ""MultinomialNB(alpha=0.1)""}",2026-09-28 14:11
B05,Naive Bayes,Dan,"ComplementNB (designed for imbalanced text), unigrams + bigrams",Multinomial NB favours the majority class 'kitaifa'; ComplementNB corrects this.,0.6571,0.8586,0.5704,,,"{""word_ngrams"": [1, 2], ""char_ngrams"": false, ""model"": ""ComplementNB(alpha=0.3)""}",2026-09-28 14:12
B06-a0.01,Naive Bayes,Dan,ComplementNB alpha=0.01,Tune smoothing on validation macro-F1.,0.6983,0.8726,0.657,,,"{""word_ngrams"": [1, 2], ""char_ngrams"": false, ""model"": ""ComplementNB(alpha=0.01)""}",2026-09-28 14:12
B06-a0.03,Naive Bayes,Dan,ComplementNB alpha=0.03,Tune smoothing on validation macro-F1.,0.7004,0.8726,0.6066,,,"{""word_ngrams"": [1, 2], ""char_ngrams"": false, ""model"": ""ComplementNB(alpha=0.03)""}",2026-09-28 14:12
B06-a0.1,Naive Bayes,Dan,ComplementNB alpha=0.1,Tune smoothing on validation macro-F1.,0.698,0.8721,0.5656,,,"{""word_ngrams"": [1, 2], ""char_ngrams"": false, ""model"": ""ComplementNB(alpha=0.1)""}",2026-09-28 14:12
B06-a0.3,Naive Bayes,Dan,ComplementNB alpha=0.3,Tune smoothing on validation macro-F1.,0.6571,0.8586,0.5704,,,"{""word_ngrams"": [1, 2], ""char_ngrams"": false, ""model"": ""ComplementNB(alpha=0.3)""}",2026-09-28 14:13
B06-a1.0,Naive Bayes,Dan,ComplementNB alpha=1.0,Tune smoothing on validation macro-F1.,0.5487,0.8186,0.6763,,,"{""word_ngrams"": [1, 2], ""char_ngrams"": false, ""model"": ""ComplementNB()""}",2026-09-28 14:13
B07,Naive Bayes,Dan,"Final: ComplementNB alpha=0.03, cleaned text, unigrams + bigrams","Selected configuration, evaluated once on test.",0.7004,0.8726,0.6066,0.6888,0.8675,"{""model"": ""ComplementNB(alpha=0.03)""}",2026-09-28 14:13
L01,Logistic Regression,Dan,"Cleaned text, word unigrams + bigrams, no class weights",A discriminative linear model should beat Naive Bayes on the same features.,0.7915,0.8933,0.3253,,,"{""word_ngrams"": [1, 2], ""char_ngrams"": false, ""model"": ""LogisticRegression(C=10, max_iter=3000)""}",2026-09-28 14:15
L02,Logistic Regression,Dan,Balanced class weights,Weighting errors by inverse class frequency should raise recall on 'afya' and 'uchumi'.,0.8323,0.8987,0.3294,,,"{""word_ngrams"": [1, 2], ""char_ngrams"": false, ""model"": ""LogisticRegression(C=10, class_weight='balanced', max_iter=3000)""}",2026-09-28 14:16
L03,Logistic Regression,Dan,Add character 2-5 grams,Swahili is agglutinative; character n-grams share evidence across word forms and misspellings.,0.8324,0.8996,0.3225,,,"{""word_ngrams"": [1, 2], ""char_ngrams"": true, ""model"": ""LogisticRegression(C=10, class_weight='balanced', max_iter=3000)""}",2026-09-28 14:19
L04-C1,Logistic Regression,Dan,C=1 with word + character n-grams,Tune regularisation on validation macro-F1.,0.8143,0.878,0.3987,,,"{""word_ngrams"": [1, 2], ""char_ngrams"": true, ""model"": ""LogisticRegression(C=1, class_weight='balanced', max_iter=3000)""}",2026-09-28 14:21
L04-C10,Logistic Regression,Dan,C=10 with word + character n-grams,Tune regularisation on validation macro-F1.,0.8324,0.8996,0.3225,,,"{""word_ngrams"": [1, 2], ""char_ngrams"": true, ""model"": ""LogisticRegression(C=10, class_weight='balanced', max_iter=3000)""}",2026-09-28 14:45
L04-C3,Logistic Regression,Dan,C=3 with word + character n-grams,Tune regularisation on validation macro-F1.,0.8318,0.896,0.341,,,"{""word_ngrams"": [1, 2], ""char_ngrams"": true, ""model"": ""LogisticRegression(C=3, class_weight='balanced', max_iter=3000)""}",2026-09-28 14:26
L04-C30,Logistic Regression,Dan,C=30 with word + character n-grams,Tune regularisation on validation macro-F1.,0.8249,0.8982,0.3318,,,"{""word_ngrams"": [1, 2], ""char_ngrams"": true, ""model"": ""LogisticRegression(C=30, class_weight='balanced', max_iter=3000)""}",2026-09-28 14:48
L05,Logistic Regression,Dan,"Final: C=10, balanced weights, word 1-2 grams + char 2-5 grams","Selected configuration, evaluated once on test.",0.8324,0.8996,0.3225,0.8166,0.8894,"{""model"": ""LogisticRegression(C=10, class_weight='balanced', max_iter=3000)""}",2026-09-28 14:48
