better_model,compared_with,only_better_correct,only_other_correct,p_value
AfriBERTa,Logistic Regression,446,187,2.37e-25
AfriBERTa,BiLSTM + attention,489,178,1.98e-34
AfriBERTa,TextCNN,488,177,1.55e-34
AfriBERTa,Naive Bayes,609,190,6.3e-52
Logistic Regression,BiLSTM + attention,305,253,0.0308
Logistic Regression,TextCNN,288,236,0.0258
Logistic Regression,Naive Bayes,476,316,1.44e-08
BiLSTM + attention,TextCNN,256,256,1.0
BiLSTM + attention,Naive Bayes,453,345,0.000149
TextCNN,Naive Bayes,386,278,3.17e-05
